{"annotations":[],"baseURI":null,"id":"Folders(0TKef8FPAPbjgf422f3ncK)","title":null,"associationLinks":[],"navigationLinks":[],"type":"OData.frs.Folder","editLink":null,"mediaEditLinks":[],"operations":[],"properties":[{"annotations":[],"valueType":"PRIMITIVE","value":"0TKef8FPAPbjgf422f3ncK","type":null,"name":"id","operations":[],"null":false,"primitive":true,"enum":false,"collection":false,"geospatial":false,"complex":false},{"annotations":[],"valueType":"PRIMITIVE","value":"staging","type":null,"name":"name","operations":[],"null":false,"primitive":true,"enum":false,"collection":false,"geospatial":false,"complex":false},{"annotations":[],"valueType":"PRIMITIVE","value":"","type":null,"name":"description","operations":[],"null":false,"primitive":true,"enum":false,"collection":false,"geospatial":false,"complex":false},{"annotations":[],"valueType":"PRIMITIVE","value":"3x8W2R3t5CMk5N4dCrY4kg","type":null,"name":"owner","operations":[],"null":false,"primitive":true,"enum":false,"collection":false,"geospatial":false,"complex":false},{"annotations":[],"valueType":"PRIMITIVE","value":"3x8W2R3t5CMk5N4dCrY4kg","type":null,"name":"createdBy","operations":[],"null":false,"primitive":true,"enum":false,"collection":false,"geospatial":false,"complex":false},{"annotations":[],"valueType":"PRIMITIVE","value":"3x8W2R3t5CMk5N4dCrY4kg","type":null,"name":"lastUpdatedBy","operations":[],"null":false,"primitive":true,"enum":false,"collection":false,"geospatial":false,"complex":false},{"annotations":[],"valueType":"PRIMITIVE","value":"3x8W2R3t5CMk5N4dCrY4kg","type":null,"name":"lastAccessedBy","operations":[],"null":false,"primitive":true,"enum":false,"collection":false,"geospatial":false,"complex":false},{"annotations":[],"valueType":"PRIMITIVE","value":"2025-08-25T17:14:23.000Z","type":null,"name":"createdTime","operations":[],"null":false,"primitive":true,"enum":false,"collection":false,"geospatial":false,"complex":false},{"annotations":[],"valueType":"PRIMITIVE","value":"2025-08-25T17:14:23.000Z","type":null,"name":"lastUpdatedTime","operations":[],"null":false,"primitive":true,"enum":false,"collection":false,"geospatial":false,"complex":false},{"annotations":[],"valueType":"PRIMITIVE","value":"2025-08-25T17:14:23.000Z","type":null,"name":"lastAccessedTime","operations":[],"null":false,"primitive":true,"enum":false,"collection":false,"geospatial":false,"complex":false},{"annotations":[],"valueType":"PRIMITIVE","value":"2038-01-18T00:00:00.000Z","type":null,"name":"expiresBy","operations":[],"null":false,"primitive":true,"enum":false,"collection":false,"geospatial":false,"complex":false},{"annotations":[],"valueType":"PRIMITIVE","value":"Folder","type":null,"name":"documentType","operations":[],"null":false,"primitive":true,"enum":false,"collection":false,"geospatial":false,"complex":false},{"annotations":[],"valueType":"PRIMITIVE","value":"Binary","type":null,"name":"contentType","operations":[],"null":false,"primitive":true,"enum":false,"collection":false,"geospatial":false,"complex":false},{"annotations":[],"valueType":"PRIMITIVE","value":"COMPLETE","type":null,"name":"documentState","operations":[],"null":false,"primitive":true,"enum":false,"collection":false,"geospatial":false,"complex":false},{"annotations":[],"valueType":"PRIMITIVE","value":"org","type":null,"name":"aclRule","operations":[],"null":false,"primitive":true,"enum":false,"collection":false,"geospatial":false,"complex":false},{"annotations":[],"valueType":"PRIMITIVE","value":0,"type":null,"name":"subcontainerCount","operations":[],"null":false,"primitive":true,"enum":false,"collection":false,"geospatial":false,"complex":false},{"annotations":[],"valueType":"COMPLEX","value":null,"type":null,"name":"customAttributes","operations":[],"null":true,"primitive":false,"enum":false,"collection":false,"geospatial":false,"complex":true},{"annotations":[],"valueType":"COMPLEX","value":null,"type":null,"name":"repoInfo","operations":[],"null":true,"primitive":false,"enum":false,"collection":false,"geospatial":false,"complex":true},{"annotations":[],"valueType":"COLLECTION_COMPLEX","value":[{"annotations":[],"baseURI":null,"id":null,"title":null,"associationLinks":[],"navigationLinks":[],"value":[{"annotations":[],"valueType":"PRIMITIVE","value":"7cCn5thwWFLhiZoSosphKL","type":null,"name":"parentId","operations":[],"null":false,"primitive":true,"enum":false,"collection":false,"geospatial":false,"complex":false},{"annotations":[],"valueType":"PRIMITIVE","value":"REG","type":null,"name":"parentName","operations":[],"null":false,"primitive":true,"enum":false,"collection":false,"geospatial":false,"complex":false},{"annotations":[],"valueType":"PRIMITIVE","value":"Space","type":null,"name":"parentType","operations":[],"null":false,"primitive":true,"enum":false,"collection":false,"geospatial":false,"complex":false}],"typeName":null,"navigationBindings":[]},{"annotations":[],"baseURI":null,"id":null,"title":null,"associationLinks":[],"navigationLinks":[],"value":[{"annotations":[],"valueType":"PRIMITIVE","value":"941TC9rnD5vdN7uay7WKK4","type":null,"name":"parentId","operations":[],"null":false,"primitive":true,"enum":false,"collection":false,"geospatial":false,"complex":false},{"annotations":[],"valueType":"PRIMITIVE","value":"SalesProj","type":null,"name":"parentName","operations":[],"null":false,"primitive":true,"enum":false,"collection":false,"geospatial":false,"complex":false},{"annotations":[],"valueType":"PRIMITIVE","value":"Project","type":null,"name":"parentType","operations":[],"null":false,"primitive":true,"enum":false,"collection":false,"geospatial":false,"complex":false}],"typeName":null,"navigationBindings":[]}],"type":null,"name":"parentInfo","operations":[],"null":false,"primitive":false,"enum":false,"collection":true,"geospatial":false,"complex":true}],"mediaContentSource":null,"mediaContentType":null,"mediaETag":null,"etag":null,"selfLink":null,"mediaEntity":false,"navigationBindings":[]}