objectPath,objectName,objectType,id
/Explore/SalesProj/landing1,landing_try,DTEMPLATE,ay5a1tcutSjkZr9tAFWhGQ
/SYS,SalesDB_Landing_2,Connection,5LtqOaOuHg7bAG6IXwpwok
/Explore/SalesProj,DWH,Folder,8B8l18qhHsIgDPsrVF88Ek
/Explore/SalesProj/DWH,Fact_review,DTEMPLATE,90YqoiqMwphlDUd7siWrWf
/Explore/SalesProj,try,Folder,a3ANFGy3WCbgDF0kmJSrOQ
/Explore/SalesProj/staging,Mapping2,DTEMPLATE,9yxSwSEELqIdm1bpOt8E4y
/Explore/SalesProj/try,customer_dim_mapping,DTEMPLATE,7FOBET88D0ScIQPyq6paSw
/Explore/SalesProj/DWH,old_Dim_campaign,DTEMPLATE,baB3aNdLEAbgVX5JoMwjuS
/SYS,SalesDB_Staging2,Connection,4iRwmYlV0tulL21OvShOUD
/Explore/SalesProj/landing1,Mapping_Customer_reviews_complete,DTEMPLATE,8qYLh7JPWm9e1TPQEKLuWH
/Explore/SalesProj/try,Mapping4,DTEMPLATE,8m6VZyZgwEIe9wsJPv00Ux
/Explore/SalesProj/staging,staging_try,DTEMPLATE,2HojYdmMLmYjOotTpv0JmL
/Explore/SalesProj/landing1,Mapping_customers,DTEMPLATE,g8jonhQ3ooGddQZyavVnmv
/Explore/SalesProj/staging,staging_try_final,DTEMPLATE,0yVndvq9MZHlDu7PCRDZM1
/Explore/SalesProj/DWH,Dim_store,DTEMPLATE,6gTYflREe4ReWV8rlOlTW7
/Explore/SalesProj/DWH,Dim_tickets,DTEMPLATE,jSJQkvpS7WelDsbLGElQI1
/Explore/SalesProj/DWH,Fact_transactions,DTEMPLATE,0FhXXxkzVnqidaYXmig9If
/Explore/SalesProj/landing1,mt_Mapping_Campaigns,MTT,2TEiqiaTc4UkJBIsZ8EjQV
/Explore/SalesProj/DWH,Fact_interaction,DTEMPLATE,4Pnq6MU4SaJdd71hIwcGqb
/Explore/SalesProj/DWH,Fact_tickets,DTEMPLATE,6fC54fr0AJhcvriCesadgM
/Explore/SalesProj/DWH,Dim_reviews,DTEMPLATE,1Z54lZWqAOulbOU45sIO2U
/Explore/SalesProj/DWH,Dim_channel,DTEMPLATE,6COz6cmcLfvgjLW8pgCsuu
/Explore/SalesProj/DWH,Dim_payment_method,DTEMPLATE,h9mVJNLlCGndZaXhg3DRcT
/Explore/SalesProj/staging,staging_customers,DTEMPLATE,8GrfCZ6z9L6ckPrMdwyfmZ
/Explore/SalesProj/staging,Mapping3,DTEMPLATE,kyEKZYxEGsgkKs8fGaVeQt
/SYS,FlatFileConn2,Connection,5viavEE5xCQgrB02FflsO3
/SYS,HUAWEI,AgentGroup,3sMRfqUdosWg09sJ1TAEi9
/Explore/SalesProj/DWH,dim_product,DTEMPLATE,ieOFksoAPKrfIGbldFQ565
/Explore/SalesProj/DWH,new_dim_campaign,DTEMPLATE,2dGfUo8ZEW1ej0r1v8UgsE
/Explore/SalesProj,staging,Folder,0TKef8FPAPbjgf422f3ncK
/Explore/SalesProj/staging,staging_support_tickets,DTEMPLATE,4WnFeaaH03ubhLoeFl0OUG
/SYS,SalesDB_Conn2,Connection,35Hpzxa1LQHjGoHrinzWkU
/Explore/SalesProj/DWH,Fact_campaign_performance,DTEMPLATE,4AajbE7a89fhvHudrKnNuO
/Explore/SalesProj/DWH,Mapping5,DTEMPLATE,9S1kWwvLBU0jJToVyNgze1
/Explore/SalesProj/landing1,mt_Mapping_customers,MTT,3QB6SS1l1U0duKF23RBxWi
/Explore/SalesProj/landing1,mt_mapping_support_tickets,MTT,3FDIipBdLy4ik16L77ftIP
/Explore/SalesProj,landing1,Folder,2NQyk2FaWY9ietEH1FGXE9
/Explore/SalesProj/staging,Mapping1,DTEMPLATE,g9EOWlIVmIme2oIBAzRjuq
/Explore/SalesProj/landing1,Mapping_interactions,DTEMPLATE,lXuf7n2FayXfvnKQMlERsf
/Explore/SalesProj/landing1,mt_mapping_customer_reviews_complete1,MTT,axh0LKHGGeudgDcesufNCG
/SYS,SalesDB_DWH_Conn,Connection,5iyXtRmguBslnTObFiFUUp
/Explore/SalesProj/DWH,Dim_interaction,DTEMPLATE,jwiE4cdwluYkYn9Jspig0S
/Explore,SalesProj,Project,941TC9rnD5vdN7uay7WKK4
/Explore/SalesProj/landing1,mt_Mapping_transactions,MTT,4yZhg45iBq4fTR1mMlceaI
/Explore/SalesProj/landing1,Mapping_Campaigns,DTEMPLATE,7VATc50xlSjcgdSSkD3Icp
/Explore/SalesProj/landing1,Mapping_transactions,DTEMPLATE,5U7qHlqFYkNlYAecKFf9UD
/Explore/SalesProj/landing1,mt_Mapping_interactions,MTT,3HN0MNzYRGjdamAorfrX64
/Explore/SalesProj/DWH,Dim_customers,DTEMPLATE,9ykyTh39vaUjvjjUmpUP8n
/Explore/SalesProj/landing1,mapping_support_tickets,DTEMPLATE,hDA1SizxngThHOnqPZFz8F
/Explore/SalesProj/DWH,Dim_segment,DTEMPLATE,2zbiVdBaup2b1f74MjNqi0
/Explore/SalesProj/staging,Staging_Campaigns,DTEMPLATE,5uLfQp8YyZVeD6yEJITIo9
/Explore/SalesProj/staging,staging_transactions,DTEMPLATE,54vVLBwxRv7fK6ee2IpMKI
/Explore/SalesProj/staging,staging_customer_review_complete,DTEMPLATE,8zsgnvaoHiebPfvjPeW4Oj
/Explore/SalesProj/staging,staging_interactions,DTEMPLATE,57YDXyjswtIiA1PSY5EMwX