{
  "name" : "Sales_Proj",
  "sourceOrgId" : "8Lccq1yieWGjRG3svAgV8o",
  "sourceOrgName" : "The Saudi National Bank",
  "exportedObjects" : [ {
    "objectGuid" : "ay5a1tcutSjkZr9tAFWhGQ",
    "objectName" : "landing_try",
    "objectType" : "DTEMPLATE",
    "path" : "/Explore/SalesProj/landing1",
    "metadata" : {
      "modelVersion" : {
        "major" : 0,
        "minor" : 0
      },
      "repoInfo" : {
        "repoHandle" : "01002Q1700000000000U"
      },
      "objectRefs" : [ "5LtqOaOuHg7bAG6IXwpwok", "35Hpzxa1LQHjGoHrinzWkU" ],
      "contextAttributes" : [ {
        "name" : "id",
        "value" : "@1"
      } ],
      "additionalInfo" : {
        "description" : "",
        "contentType" : "JSON",
        "documentState" : "VALID"
      }
    }
  }, {
    "objectGuid" : "5LtqOaOuHg7bAG6IXwpwok",
    "objectName" : "SalesDB_Landing_2",
    "objectType" : "Connection",
    "path" : "/SYS",
    "metadata" : {
      "modelVersion" : {
        "major" : 0,
        "minor" : 0
      },
      "repoInfo" : {
        "repoHandle" : "01002Q0B00000000000A"
      },
      "objectRefs" : [ "3sMRfqUdosWg09sJ1TAEi9" ],
      "contextAttributes" : [ {
        "name" : "id",
        "value" : "@1"
      } ],
      "additionalInfo" : {
        "description" : "",
        "contentType" : "JSON",
        "documentState" : "COMPLETE"
      }
    }
  }, {
    "objectGuid" : "8B8l18qhHsIgDPsrVF88Ek",
    "objectName" : "DWH",
    "objectType" : "Folder",
    "path" : "/Explore/SalesProj",
    "metadata" : {
      "modelVersion" : {
        "major" : 0,
        "minor" : 0
      },
      "repoInfo" : null,
      "objectRefs" : [ ],
      "contextAttributes" : [ ],
      "additionalInfo" : {
        "description" : "",
        "contentType" : "Binary",
        "documentState" : "COMPLETE"
      }
    }
  }, {
    "objectGuid" : "90YqoiqMwphlDUd7siWrWf",
    "objectName" : "Fact_review",
    "objectType" : "DTEMPLATE",
    "path" : "/Explore/SalesProj/DWH",
    "metadata" : {
      "modelVersion" : {
        "major" : 0,
        "minor" : 0
      },
      "repoInfo" : {
        "repoHandle" : "01002Q1700000000002E"
      },
      "objectRefs" : [ "5iyXtRmguBslnTObFiFUUp", "4iRwmYlV0tulL21OvShOUD" ],
      "contextAttributes" : [ {
        "name" : "id",
        "value" : "@1"
      } ],
      "additionalInfo" : {
        "description" : "",
        "contentType" : "JSON",
        "documentState" : "VALID"
      }
    }
  }, {
    "objectGuid" : "a3ANFGy3WCbgDF0kmJSrOQ",
    "objectName" : "try",
    "objectType" : "Folder",
    "path" : "/Explore/SalesProj",
    "metadata" : {
      "modelVersion" : {
        "major" : 0,
        "minor" : 0
      },
      "repoInfo" : null,
      "objectRefs" : [ ],
      "contextAttributes" : [ ],
      "additionalInfo" : {
        "description" : "",
        "contentType" : "Binary",
        "documentState" : "COMPLETE"
      }
    }
  }, {
    "objectGuid" : "9yxSwSEELqIdm1bpOt8E4y",
    "objectName" : "Mapping2",
    "objectType" : "DTEMPLATE",
    "path" : "/Explore/SalesProj/staging",
    "metadata" : {
      "modelVersion" : {
        "major" : 0,
        "minor" : 0
      },
      "repoInfo" : {
        "repoHandle" : "01002Q17000000000011"
      },
      "objectRefs" : [ "5LtqOaOuHg7bAG6IXwpwok", "4iRwmYlV0tulL21OvShOUD" ],
      "contextAttributes" : [ {
        "name" : "id",
        "value" : "@1"
      } ],
      "additionalInfo" : {
        "description" : "",
        "contentType" : "JSON",
        "documentState" : "VALID"
      }
    }
  }, {
    "objectGuid" : "7FOBET88D0ScIQPyq6paSw",
    "objectName" : "customer_dim_mapping",
    "objectType" : "DTEMPLATE",
    "path" : "/Explore/SalesProj/try",
    "metadata" : {
      "modelVersion" : {
        "major" : 0,
        "minor" : 0
      },
      "repoInfo" : {
        "repoHandle" : "01002Q17000000000016"
      },
      "objectRefs" : [ "5iyXtRmguBslnTObFiFUUp", "4iRwmYlV0tulL21OvShOUD" ],
      "contextAttributes" : [ {
        "name" : "id",
        "value" : "@1"
      } ],
      "additionalInfo" : {
        "description" : "",
        "contentType" : "JSON",
        "documentState" : "VALID"
      }
    }
  }, {
    "objectGuid" : "baB3aNdLEAbgVX5JoMwjuS",
    "objectName" : "old_Dim_campaign",
    "objectType" : "DTEMPLATE",
    "path" : "/Explore/SalesProj/DWH",
    "metadata" : {
      "modelVersion" : {
        "major" : 0,
        "minor" : 0
      },
      "repoInfo" : {
        "repoHandle" : "01002Q17000000000022"
      },
      "objectRefs" : [ "5iyXtRmguBslnTObFiFUUp", "4iRwmYlV0tulL21OvShOUD" ],
      "contextAttributes" : [ {
        "name" : "id",
        "value" : "@1"
      } ],
      "additionalInfo" : {
        "description" : "",
        "contentType" : "JSON",
        "documentState" : "VALID"
      }
    }
  }, {
    "objectGuid" : "4iRwmYlV0tulL21OvShOUD",
    "objectName" : "SalesDB_Staging2",
    "objectType" : "Connection",
    "path" : "/SYS",
    "metadata" : {
      "modelVersion" : {
        "major" : 0,
        "minor" : 0
      },
      "repoInfo" : {
        "repoHandle" : "01002Q0B00000000000B"
      },
      "objectRefs" : [ "3sMRfqUdosWg09sJ1TAEi9" ],
      "contextAttributes" : [ {
        "name" : "id",
        "value" : "@1"
      } ],
      "additionalInfo" : {
        "description" : "",
        "contentType" : "JSON",
        "documentState" : "COMPLETE"
      }
    }
  }, {
    "objectGuid" : "8qYLh7JPWm9e1TPQEKLuWH",
    "objectName" : "Mapping_Customer_reviews_complete",
    "objectType" : "DTEMPLATE",
    "path" : "/Explore/SalesProj/landing1",
    "metadata" : {
      "modelVersion" : {
        "major" : 0,
        "minor" : 0
      },
      "repoInfo" : {
        "repoHandle" : "01002Q17000000000015"
      },
      "objectRefs" : [ "5LtqOaOuHg7bAG6IXwpwok", "35Hpzxa1LQHjGoHrinzWkU" ],
      "contextAttributes" : [ {
        "name" : "id",
        "value" : "@1"
      } ],
      "additionalInfo" : {
        "description" : "",
        "contentType" : "JSON",
        "documentState" : "VALID"
      }
    }
  }, {
    "objectGuid" : "8m6VZyZgwEIe9wsJPv00Ux",
    "objectName" : "Mapping4",
    "objectType" : "DTEMPLATE",
    "path" : "/Explore/SalesProj/try",
    "metadata" : {
      "modelVersion" : {
        "major" : 0,
        "minor" : 0
      },
      "repoInfo" : {
        "repoHandle" : "01002Q1700000000001Q"
      },
      "objectRefs" : [ "5iyXtRmguBslnTObFiFUUp", "4iRwmYlV0tulL21OvShOUD" ],
      "contextAttributes" : [ {
        "name" : "id",
        "value" : "@1"
      } ],
      "additionalInfo" : {
        "description" : "",
        "contentType" : "JSON",
        "documentState" : "VALID"
      }
    }
  }, {
    "objectGuid" : "2HojYdmMLmYjOotTpv0JmL",
    "objectName" : "staging_try",
    "objectType" : "DTEMPLATE",
    "path" : "/Explore/SalesProj/staging",
    "metadata" : {
      "modelVersion" : {
        "major" : 0,
        "minor" : 0
      },
      "repoInfo" : {
        "repoHandle" : "01002Q1700000000000T"
      },
      "objectRefs" : [ "5LtqOaOuHg7bAG6IXwpwok", "4iRwmYlV0tulL21OvShOUD" ],
      "contextAttributes" : [ {
        "name" : "id",
        "value" : "@1"
      } ],
      "additionalInfo" : {
        "description" : "",
        "contentType" : "JSON",
        "documentState" : "VALID"
      }
    }
  }, {
    "objectGuid" : "g8jonhQ3ooGddQZyavVnmv",
    "objectName" : "Mapping_customers",
    "objectType" : "DTEMPLATE",
    "path" : "/Explore/SalesProj/landing1",
    "metadata" : {
      "modelVersion" : {
        "major" : 0,
        "minor" : 0
      },
      "repoInfo" : {
        "repoHandle" : "01002Q1700000000000X"
      },
      "objectRefs" : [ "5LtqOaOuHg7bAG6IXwpwok", "35Hpzxa1LQHjGoHrinzWkU" ],
      "contextAttributes" : [ {
        "name" : "id",
        "value" : "@1"
      } ],
      "additionalInfo" : {
        "description" : "",
        "contentType" : "JSON",
        "documentState" : "VALID"
      }
    }
  }, {
    "objectGuid" : "0yVndvq9MZHlDu7PCRDZM1",
    "objectName" : "staging_try_final",
    "objectType" : "DTEMPLATE",
    "path" : "/Explore/SalesProj/staging",
    "metadata" : {
      "modelVersion" : {
        "major" : 0,
        "minor" : 0
      },
      "repoInfo" : {
        "repoHandle" : "01002Q1700000000000O"
      },
      "objectRefs" : [ "5LtqOaOuHg7bAG6IXwpwok", "4iRwmYlV0tulL21OvShOUD" ],
      "contextAttributes" : [ {
        "name" : "id",
        "value" : "@1"
      } ],
      "additionalInfo" : {
        "description" : "",
        "contentType" : "JSON",
        "documentState" : "VALID"
      }
    }
  }, {
    "objectGuid" : "6gTYflREe4ReWV8rlOlTW7",
    "objectName" : "Dim_store",
    "objectType" : "DTEMPLATE",
    "path" : "/Explore/SalesProj/DWH",
    "metadata" : {
      "modelVersion" : {
        "major" : 0,
        "minor" : 0
      },
      "repoInfo" : {
        "repoHandle" : "01002Q17000000000024"
      },
      "objectRefs" : [ "5iyXtRmguBslnTObFiFUUp", "4iRwmYlV0tulL21OvShOUD" ],
      "contextAttributes" : [ {
        "name" : "id",
        "value" : "@1"
      } ],
      "additionalInfo" : {
        "description" : "",
        "contentType" : "JSON",
        "documentState" : "VALID"
      }
    }
  }, {
    "objectGuid" : "jSJQkvpS7WelDsbLGElQI1",
    "objectName" : "Dim_tickets",
    "objectType" : "DTEMPLATE",
    "path" : "/Explore/SalesProj/DWH",
    "metadata" : {
      "modelVersion" : {
        "major" : 0,
        "minor" : 0
      },
      "repoInfo" : {
        "repoHandle" : "01002Q17000000000023"
      },
      "objectRefs" : [ "5iyXtRmguBslnTObFiFUUp", "4iRwmYlV0tulL21OvShOUD" ],
      "contextAttributes" : [ {
        "name" : "id",
        "value" : "@1"
      } ],
      "additionalInfo" : {
        "description" : "",
        "contentType" : "JSON",
        "documentState" : "VALID"
      }
    }
  }, {
    "objectGuid" : "0FhXXxkzVnqidaYXmig9If",
    "objectName" : "Fact_transactions",
    "objectType" : "DTEMPLATE",
    "path" : "/Explore/SalesProj/DWH",
    "metadata" : {
      "modelVersion" : {
        "major" : 0,
        "minor" : 0
      },
      "repoInfo" : {
        "repoHandle" : "01002Q1700000000002D"
      },
      "objectRefs" : [ "5iyXtRmguBslnTObFiFUUp", "4iRwmYlV0tulL21OvShOUD" ],
      "contextAttributes" : [ {
        "name" : "id",
        "value" : "@1"
      } ],
      "additionalInfo" : {
        "description" : "",
        "contentType" : "JSON",
        "documentState" : "VALID"
      }
    }
  }, {
    "objectGuid" : "2TEiqiaTc4UkJBIsZ8EjQV",
    "objectName" : "mt_Mapping_Campaigns",
    "objectType" : "MTT",
    "path" : "/Explore/SalesProj/landing1",
    "metadata" : {
      "modelVersion" : {
        "major" : 0,
        "minor" : 0
      },
      "repoInfo" : {
        "repoHandle" : "01002Q0Z000000000007"
      },
      "objectRefs" : [ "5LtqOaOuHg7bAG6IXwpwok", "7VATc50xlSjcgdSSkD3Icp", "5viavEE5xCQgrB02FflsO3", "3sMRfqUdosWg09sJ1TAEi9" ],
      "contextAttributes" : [ {
        "name" : "id",
        "value" : "@1"
      } ],
      "additionalInfo" : {
        "description" : null,
        "contentType" : "JSON",
        "documentState" : "VALID"
      }
    }
  }, {
    "objectGuid" : "4Pnq6MU4SaJdd71hIwcGqb",
    "objectName" : "Fact_interaction",
    "objectType" : "DTEMPLATE",
    "path" : "/Explore/SalesProj/DWH",
    "metadata" : {
      "modelVersion" : {
        "major" : 0,
        "minor" : 0
      },
      "repoInfo" : {
        "repoHandle" : "01002Q1700000000002A"
      },
      "objectRefs" : [ "5iyXtRmguBslnTObFiFUUp", "4iRwmYlV0tulL21OvShOUD" ],
      "contextAttributes" : [ {
        "name" : "id",
        "value" : "@1"
      } ],
      "additionalInfo" : {
        "description" : "",
        "contentType" : "JSON",
        "documentState" : "VALID"
      }
    }
  }, {
    "objectGuid" : "6fC54fr0AJhcvriCesadgM",
    "objectName" : "Fact_tickets",
    "objectType" : "DTEMPLATE",
    "path" : "/Explore/SalesProj/DWH",
    "metadata" : {
      "modelVersion" : {
        "major" : 0,
        "minor" : 0
      },
      "repoInfo" : {
        "repoHandle" : "01002Q1700000000002B"
      },
      "objectRefs" : [ "5iyXtRmguBslnTObFiFUUp", "4iRwmYlV0tulL21OvShOUD" ],
      "contextAttributes" : [ {
        "name" : "id",
        "value" : "@1"
      } ],
      "additionalInfo" : {
        "description" : "",
        "contentType" : "JSON",
        "documentState" : "VALID"
      }
    }
  }, {
    "objectGuid" : "1Z54lZWqAOulbOU45sIO2U",
    "objectName" : "Dim_reviews",
    "objectType" : "DTEMPLATE",
    "path" : "/Explore/SalesProj/DWH",
    "metadata" : {
      "modelVersion" : {
        "major" : 0,
        "minor" : 0
      },
      "repoInfo" : {
        "repoHandle" : "01002Q17000000000026"
      },
      "objectRefs" : [ "5iyXtRmguBslnTObFiFUUp", "4iRwmYlV0tulL21OvShOUD" ],
      "contextAttributes" : [ {
        "name" : "id",
        "value" : "@1"
      } ],
      "additionalInfo" : {
        "description" : "",
        "contentType" : "JSON",
        "documentState" : "VALID"
      }
    }
  }, {
    "objectGuid" : "6COz6cmcLfvgjLW8pgCsuu",
    "objectName" : "Dim_channel",
    "objectType" : "DTEMPLATE",
    "path" : "/Explore/SalesProj/DWH",
    "metadata" : {
      "modelVersion" : {
        "major" : 0,
        "minor" : 0
      },
      "repoInfo" : {
        "repoHandle" : "01002Q17000000000029"
      },
      "objectRefs" : [ "5iyXtRmguBslnTObFiFUUp", "4iRwmYlV0tulL21OvShOUD" ],
      "contextAttributes" : [ {
        "name" : "id",
        "value" : "@1"
      } ],
      "additionalInfo" : {
        "description" : "",
        "contentType" : "JSON",
        "documentState" : "VALID"
      }
    }
  }, {
    "objectGuid" : "h9mVJNLlCGndZaXhg3DRcT",
    "objectName" : "Dim_payment_method",
    "objectType" : "DTEMPLATE",
    "path" : "/Explore/SalesProj/DWH",
    "metadata" : {
      "modelVersion" : {
        "major" : 0,
        "minor" : 0
      },
      "repoInfo" : {
        "repoHandle" : "01002Q17000000000028"
      },
      "objectRefs" : [ "5iyXtRmguBslnTObFiFUUp", "4iRwmYlV0tulL21OvShOUD" ],
      "contextAttributes" : [ {
        "name" : "id",
        "value" : "@1"
      } ],
      "additionalInfo" : {
        "description" : "",
        "contentType" : "JSON",
        "documentState" : "VALID"
      }
    }
  }, {
    "objectGuid" : "8GrfCZ6z9L6ckPrMdwyfmZ",
    "objectName" : "staging_customers",
    "objectType" : "DTEMPLATE",
    "path" : "/Explore/SalesProj/staging",
    "metadata" : {
      "modelVersion" : {
        "major" : 0,
        "minor" : 0
      },
      "repoInfo" : {
        "repoHandle" : "01002Q1700000000000Y"
      },
      "objectRefs" : [ "5LtqOaOuHg7bAG6IXwpwok", "4iRwmYlV0tulL21OvShOUD" ],
      "contextAttributes" : [ {
        "name" : "id",
        "value" : "@1"
      } ],
      "additionalInfo" : {
        "description" : "",
        "contentType" : "JSON",
        "documentState" : "VALID"
      }
    }
  }, {
    "objectGuid" : "kyEKZYxEGsgkKs8fGaVeQt",
    "objectName" : "Mapping3",
    "objectType" : "DTEMPLATE",
    "path" : "/Explore/SalesProj/staging",
    "metadata" : {
      "modelVersion" : {
        "major" : 0,
        "minor" : 0
      },
      "repoInfo" : {
        "repoHandle" : "01002Q17000000000013"
      },
      "objectRefs" : [ "5LtqOaOuHg7bAG6IXwpwok", "4iRwmYlV0tulL21OvShOUD" ],
      "contextAttributes" : [ {
        "name" : "id",
        "value" : "@1"
      } ],
      "additionalInfo" : {
        "description" : "",
        "contentType" : "JSON",
        "documentState" : "VALID"
      }
    }
  }, {
    "objectGuid" : "5viavEE5xCQgrB02FflsO3",
    "objectName" : "FlatFileConn2",
    "objectType" : "Connection",
    "path" : "/SYS",
    "metadata" : {
      "modelVersion" : {
        "major" : 0,
        "minor" : 0
      },
      "repoInfo" : {
        "repoHandle" : "01002Q0B00000000000D"
      },
      "objectRefs" : [ "3sMRfqUdosWg09sJ1TAEi9" ],
      "contextAttributes" : [ {
        "name" : "id",
        "value" : "@1"
      } ],
      "additionalInfo" : {
        "description" : "",
        "contentType" : "JSON",
        "documentState" : "COMPLETE"
      }
    }
  }, {
    "objectGuid" : "3sMRfqUdosWg09sJ1TAEi9",
    "objectName" : "HUAWEI",
    "objectType" : "AgentGroup",
    "path" : "/SYS",
    "metadata" : {
      "modelVersion" : {
        "major" : 0,
        "minor" : 0
      },
      "repoInfo" : {
        "repoHandle" : "01002Q25000000000006"
      },
      "objectRefs" : [ ],
      "contextAttributes" : [ {
        "name" : "id",
        "value" : "@1"
      } ],
      "additionalInfo" : {
        "description" : null,
        "contentType" : "JSON",
        "documentState" : "VALID"
      }
    }
  }, {
    "objectGuid" : "ieOFksoAPKrfIGbldFQ565",
    "objectName" : "dim_product",
    "objectType" : "DTEMPLATE",
    "path" : "/Explore/SalesProj/DWH",
    "metadata" : {
      "modelVersion" : {
        "major" : 0,
        "minor" : 0
      },
      "repoInfo" : {
        "repoHandle" : "01002Q17000000000021"
      },
      "objectRefs" : [ "5iyXtRmguBslnTObFiFUUp", "4iRwmYlV0tulL21OvShOUD" ],
      "contextAttributes" : [ {
        "name" : "id",
        "value" : "@1"
      } ],
      "additionalInfo" : {
        "description" : "",
        "contentType" : "JSON",
        "documentState" : "VALID"
      }
    }
  }, {
    "objectGuid" : "2dGfUo8ZEW1ej0r1v8UgsE",
    "objectName" : "new_dim_campaign",
    "objectType" : "DTEMPLATE",
    "path" : "/Explore/SalesProj/DWH",
    "metadata" : {
      "modelVersion" : {
        "major" : 0,
        "minor" : 0
      },
      "repoInfo" : {
        "repoHandle" : "01002Q1700000000002G"
      },
      "objectRefs" : [ "5iyXtRmguBslnTObFiFUUp", "4iRwmYlV0tulL21OvShOUD" ],
      "contextAttributes" : [ {
        "name" : "id",
        "value" : "@1"
      } ],
      "additionalInfo" : {
        "description" : "",
        "contentType" : "JSON",
        "documentState" : "VALID"
      }
    }
  }, {
    "objectGuid" : "0TKef8FPAPbjgf422f3ncK",
    "objectName" : "staging",
    "objectType" : "Folder",
    "path" : "/Explore/SalesProj",
    "metadata" : {
      "modelVersion" : {
        "major" : 0,
        "minor" : 0
      },
      "repoInfo" : null,
      "objectRefs" : [ ],
      "contextAttributes" : [ ],
      "additionalInfo" : {
        "description" : "",
        "contentType" : "Binary",
        "documentState" : "COMPLETE"
      }
    }
  }, {
    "objectGuid" : "4WnFeaaH03ubhLoeFl0OUG",
    "objectName" : "staging_support_tickets",
    "objectType" : "DTEMPLATE",
    "path" : "/Explore/SalesProj/staging",
    "metadata" : {
      "modelVersion" : {
        "major" : 0,
        "minor" : 0
      },
      "repoInfo" : {
        "repoHandle" : "01002Q1700000000000S"
      },
      "objectRefs" : [ "5LtqOaOuHg7bAG6IXwpwok", "4iRwmYlV0tulL21OvShOUD" ],
      "contextAttributes" : [ {
        "name" : "id",
        "value" : "@1"
      } ],
      "additionalInfo" : {
        "description" : "",
        "contentType" : "JSON",
        "documentState" : "VALID"
      }
    }
  }, {
    "objectGuid" : "35Hpzxa1LQHjGoHrinzWkU",
    "objectName" : "SalesDB_Conn2",
    "objectType" : "Connection",
    "path" : "/SYS",
    "metadata" : {
      "modelVersion" : {
        "major" : 0,
        "minor" : 0
      },
      "repoInfo" : {
        "repoHandle" : "01002Q0B00000000000C"
      },
      "objectRefs" : [ "3sMRfqUdosWg09sJ1TAEi9" ],
      "contextAttributes" : [ {
        "name" : "id",
        "value" : "@1"
      } ],
      "additionalInfo" : {
        "description" : "",
        "contentType" : "JSON",
        "documentState" : "COMPLETE"
      }
    }
  }, {
    "objectGuid" : "4AajbE7a89fhvHudrKnNuO",
    "objectName" : "Fact_campaign_performance",
    "objectType" : "DTEMPLATE",
    "path" : "/Explore/SalesProj/DWH",
    "metadata" : {
      "modelVersion" : {
        "major" : 0,
        "minor" : 0
      },
      "repoInfo" : {
        "repoHandle" : "01002Q1700000000002C"
      },
      "objectRefs" : [ "5iyXtRmguBslnTObFiFUUp", "4iRwmYlV0tulL21OvShOUD" ],
      "contextAttributes" : [ {
        "name" : "id",
        "value" : "@1"
      } ],
      "additionalInfo" : {
        "description" : "",
        "contentType" : "JSON",
        "documentState" : "VALID"
      }
    }
  }, {
    "objectGuid" : "9S1kWwvLBU0jJToVyNgze1",
    "objectName" : "Mapping5",
    "objectType" : "DTEMPLATE",
    "path" : "/Explore/SalesProj/DWH",
    "metadata" : {
      "modelVersion" : {
        "major" : 0,
        "minor" : 0
      },
      "repoInfo" : {
        "repoHandle" : "01002Q1700000000002F"
      },
      "objectRefs" : [ "5iyXtRmguBslnTObFiFUUp", "4iRwmYlV0tulL21OvShOUD" ],
      "contextAttributes" : [ {
        "name" : "id",
        "value" : "@1"
      } ],
      "additionalInfo" : {
        "description" : "",
        "contentType" : "JSON",
        "documentState" : "INVALID"
      }
    }
  }, {
    "objectGuid" : "3QB6SS1l1U0duKF23RBxWi",
    "objectName" : "mt_Mapping_customers",
    "objectType" : "MTT",
    "path" : "/Explore/SalesProj/landing1",
    "metadata" : {
      "modelVersion" : {
        "major" : 0,
        "minor" : 0
      },
      "repoInfo" : {
        "repoHandle" : "01002Q0Z000000000002"
      },
      "objectRefs" : [ "5LtqOaOuHg7bAG6IXwpwok", "g8jonhQ3ooGddQZyavVnmv", "35Hpzxa1LQHjGoHrinzWkU", "3sMRfqUdosWg09sJ1TAEi9" ],
      "contextAttributes" : [ {
        "name" : "id",
        "value" : "@1"
      } ],
      "additionalInfo" : {
        "description" : null,
        "contentType" : "JSON",
        "documentState" : "VALID"
      }
    }
  }, {
    "objectGuid" : "3FDIipBdLy4ik16L77ftIP",
    "objectName" : "mt_mapping_support_tickets",
    "objectType" : "MTT",
    "path" : "/Explore/SalesProj/landing1",
    "metadata" : {
      "modelVersion" : {
        "major" : 0,
        "minor" : 0
      },
      "repoInfo" : {
        "repoHandle" : "01002Q0Z000000000005"
      },
      "objectRefs" : [ "5LtqOaOuHg7bAG6IXwpwok", "hDA1SizxngThHOnqPZFz8F", "35Hpzxa1LQHjGoHrinzWkU", "3sMRfqUdosWg09sJ1TAEi9" ],
      "contextAttributes" : [ {
        "name" : "id",
        "value" : "@1"
      } ],
      "additionalInfo" : {
        "description" : null,
        "contentType" : "JSON",
        "documentState" : "VALID"
      }
    }
  }, {
    "objectGuid" : "2NQyk2FaWY9ietEH1FGXE9",
    "objectName" : "landing1",
    "objectType" : "Folder",
    "path" : "/Explore/SalesProj",
    "metadata" : {
      "modelVersion" : {
        "major" : 0,
        "minor" : 0
      },
      "repoInfo" : null,
      "objectRefs" : [ ],
      "contextAttributes" : [ ],
      "additionalInfo" : {
        "description" : "",
        "contentType" : null,
        "documentState" : "COMPLETE"
      }
    }
  }, {
    "objectGuid" : "g9EOWlIVmIme2oIBAzRjuq",
    "objectName" : "Mapping1",
    "objectType" : "DTEMPLATE",
    "path" : "/Explore/SalesProj/staging",
    "metadata" : {
      "modelVersion" : {
        "major" : 0,
        "minor" : 0
      },
      "repoInfo" : {
        "repoHandle" : "01002Q1700000000000V"
      },
      "objectRefs" : [ "5LtqOaOuHg7bAG6IXwpwok", "4iRwmYlV0tulL21OvShOUD" ],
      "contextAttributes" : [ {
        "name" : "id",
        "value" : "@1"
      } ],
      "additionalInfo" : {
        "description" : "",
        "contentType" : "JSON",
        "documentState" : "VALID"
      }
    }
  }, {
    "objectGuid" : "lXuf7n2FayXfvnKQMlERsf",
    "objectName" : "Mapping_interactions",
    "objectType" : "DTEMPLATE",
    "path" : "/Explore/SalesProj/landing1",
    "metadata" : {
      "modelVersion" : {
        "major" : 0,
        "minor" : 0
      },
      "repoInfo" : {
        "repoHandle" : "01002Q17000000000010"
      },
      "objectRefs" : [ "5LtqOaOuHg7bAG6IXwpwok", "35Hpzxa1LQHjGoHrinzWkU" ],
      "contextAttributes" : [ {
        "name" : "id",
        "value" : "@1"
      } ],
      "additionalInfo" : {
        "description" : "",
        "contentType" : "JSON",
        "documentState" : "VALID"
      }
    }
  }, {
    "objectGuid" : "axh0LKHGGeudgDcesufNCG",
    "objectName" : "mt_mapping_customer_reviews_complete1",
    "objectType" : "MTT",
    "path" : "/Explore/SalesProj/landing1",
    "metadata" : {
      "modelVersion" : {
        "major" : 0,
        "minor" : 0
      },
      "repoInfo" : {
        "repoHandle" : "01002Q0Z000000000006"
      },
      "objectRefs" : [ "5LtqOaOuHg7bAG6IXwpwok", "35Hpzxa1LQHjGoHrinzWkU", "8qYLh7JPWm9e1TPQEKLuWH", "3sMRfqUdosWg09sJ1TAEi9" ],
      "contextAttributes" : [ {
        "name" : "id",
        "value" : "@1"
      } ],
      "additionalInfo" : {
        "description" : null,
        "contentType" : "JSON",
        "documentState" : "VALID"
      }
    }
  }, {
    "objectGuid" : "5iyXtRmguBslnTObFiFUUp",
    "objectName" : "SalesDB_DWH_Conn",
    "objectType" : "Connection",
    "path" : "/SYS",
    "metadata" : {
      "modelVersion" : {
        "major" : 0,
        "minor" : 0
      },
      "repoInfo" : {
        "repoHandle" : "01002Q0B00000000000E"
      },
      "objectRefs" : [ "3sMRfqUdosWg09sJ1TAEi9" ],
      "contextAttributes" : [ {
        "name" : "id",
        "value" : "@1"
      } ],
      "additionalInfo" : {
        "description" : "",
        "contentType" : "JSON",
        "documentState" : "COMPLETE"
      }
    }
  }, {
    "objectGuid" : "jwiE4cdwluYkYn9Jspig0S",
    "objectName" : "Dim_interaction",
    "objectType" : "DTEMPLATE",
    "path" : "/Explore/SalesProj/DWH",
    "metadata" : {
      "modelVersion" : {
        "major" : 0,
        "minor" : 0
      },
      "repoInfo" : {
        "repoHandle" : "01002Q17000000000027"
      },
      "objectRefs" : [ "5iyXtRmguBslnTObFiFUUp", "4iRwmYlV0tulL21OvShOUD" ],
      "contextAttributes" : [ {
        "name" : "id",
        "value" : "@1"
      } ],
      "additionalInfo" : {
        "description" : "",
        "contentType" : "JSON",
        "documentState" : "VALID"
      }
    }
  }, {
    "objectGuid" : "941TC9rnD5vdN7uay7WKK4",
    "objectName" : "SalesProj",
    "objectType" : "Project",
    "path" : "/Explore",
    "metadata" : {
      "modelVersion" : {
        "major" : 0,
        "minor" : 0
      },
      "repoInfo" : null,
      "objectRefs" : [ ],
      "contextAttributes" : [ ],
      "additionalInfo" : {
        "description" : "",
        "contentType" : "Binary",
        "documentState" : "COMPLETE"
      }
    }
  }, {
    "objectGuid" : "4yZhg45iBq4fTR1mMlceaI",
    "objectName" : "mt_Mapping_transactions",
    "objectType" : "MTT",
    "path" : "/Explore/SalesProj/landing1",
    "metadata" : {
      "modelVersion" : {
        "major" : 0,
        "minor" : 0
      },
      "repoInfo" : {
        "repoHandle" : "01002Q0Z000000000003"
      },
      "objectRefs" : [ "5LtqOaOuHg7bAG6IXwpwok", "5U7qHlqFYkNlYAecKFf9UD", "35Hpzxa1LQHjGoHrinzWkU", "3sMRfqUdosWg09sJ1TAEi9" ],
      "contextAttributes" : [ {
        "name" : "id",
        "value" : "@1"
      } ],
      "additionalInfo" : {
        "description" : null,
        "contentType" : "JSON",
        "documentState" : "VALID"
      }
    }
  }, {
    "objectGuid" : "7VATc50xlSjcgdSSkD3Icp",
    "objectName" : "Mapping_Campaigns",
    "objectType" : "DTEMPLATE",
    "path" : "/Explore/SalesProj/landing1",
    "metadata" : {
      "modelVersion" : {
        "major" : 0,
        "minor" : 0
      },
      "repoInfo" : {
        "repoHandle" : "01002Q17000000000012"
      },
      "objectRefs" : [ "5LtqOaOuHg7bAG6IXwpwok", "5viavEE5xCQgrB02FflsO3" ],
      "contextAttributes" : [ {
        "name" : "id",
        "value" : "@1"
      } ],
      "additionalInfo" : {
        "description" : "",
        "contentType" : "JSON",
        "documentState" : "VALID"
      }
    }
  }, {
    "objectGuid" : "5U7qHlqFYkNlYAecKFf9UD",
    "objectName" : "Mapping_transactions",
    "objectType" : "DTEMPLATE",
    "path" : "/Explore/SalesProj/landing1",
    "metadata" : {
      "modelVersion" : {
        "major" : 0,
        "minor" : 0
      },
      "repoInfo" : {
        "repoHandle" : "01002Q1700000000000R"
      },
      "objectRefs" : [ "5LtqOaOuHg7bAG6IXwpwok", "35Hpzxa1LQHjGoHrinzWkU" ],
      "contextAttributes" : [ {
        "name" : "id",
        "value" : "@1"
      } ],
      "additionalInfo" : {
        "description" : "",
        "contentType" : "JSON",
        "documentState" : "VALID"
      }
    }
  }, {
    "objectGuid" : "3HN0MNzYRGjdamAorfrX64",
    "objectName" : "mt_Mapping_interactions",
    "objectType" : "MTT",
    "path" : "/Explore/SalesProj/landing1",
    "metadata" : {
      "modelVersion" : {
        "major" : 0,
        "minor" : 0
      },
      "repoInfo" : {
        "repoHandle" : "01002Q0Z000000000004"
      },
      "objectRefs" : [ "5LtqOaOuHg7bAG6IXwpwok", "lXuf7n2FayXfvnKQMlERsf", "35Hpzxa1LQHjGoHrinzWkU", "3sMRfqUdosWg09sJ1TAEi9" ],
      "contextAttributes" : [ {
        "name" : "id",
        "value" : "@1"
      } ],
      "additionalInfo" : {
        "description" : null,
        "contentType" : "JSON",
        "documentState" : "VALID"
      }
    }
  }, {
    "objectGuid" : "9ykyTh39vaUjvjjUmpUP8n",
    "objectName" : "Dim_customers",
    "objectType" : "DTEMPLATE",
    "path" : "/Explore/SalesProj/DWH",
    "metadata" : {
      "modelVersion" : {
        "major" : 0,
        "minor" : 0
      },
      "repoInfo" : {
        "repoHandle" : "01002Q1700000000001Z"
      },
      "objectRefs" : [ "5iyXtRmguBslnTObFiFUUp", "4iRwmYlV0tulL21OvShOUD" ],
      "contextAttributes" : [ {
        "name" : "id",
        "value" : "@1"
      } ],
      "additionalInfo" : {
        "description" : "",
        "contentType" : "JSON",
        "documentState" : "VALID"
      }
    }
  }, {
    "objectGuid" : "hDA1SizxngThHOnqPZFz8F",
    "objectName" : "mapping_support_tickets",
    "objectType" : "DTEMPLATE",
    "path" : "/Explore/SalesProj/landing1",
    "metadata" : {
      "modelVersion" : {
        "major" : 0,
        "minor" : 0
      },
      "repoInfo" : {
        "repoHandle" : "01002Q1700000000000W"
      },
      "objectRefs" : [ "5LtqOaOuHg7bAG6IXwpwok", "35Hpzxa1LQHjGoHrinzWkU" ],
      "contextAttributes" : [ {
        "name" : "id",
        "value" : "@1"
      } ],
      "additionalInfo" : {
        "description" : "",
        "contentType" : "JSON",
        "documentState" : "VALID"
      }
    }
  }, {
    "objectGuid" : "2zbiVdBaup2b1f74MjNqi0",
    "objectName" : "Dim_segment",
    "objectType" : "DTEMPLATE",
    "path" : "/Explore/SalesProj/DWH",
    "metadata" : {
      "modelVersion" : {
        "major" : 0,
        "minor" : 0
      },
      "repoInfo" : {
        "repoHandle" : "01002Q17000000000025"
      },
      "objectRefs" : [ "5iyXtRmguBslnTObFiFUUp", "4iRwmYlV0tulL21OvShOUD" ],
      "contextAttributes" : [ {
        "name" : "id",
        "value" : "@1"
      } ],
      "additionalInfo" : {
        "description" : "",
        "contentType" : "JSON",
        "documentState" : "VALID"
      }
    }
  }, {
    "objectGuid" : "5uLfQp8YyZVeD6yEJITIo9",
    "objectName" : "Staging_Campaigns",
    "objectType" : "DTEMPLATE",
    "path" : "/Explore/SalesProj/staging",
    "metadata" : {
      "modelVersion" : {
        "major" : 0,
        "minor" : 0
      },
      "repoInfo" : {
        "repoHandle" : "01002Q1700000000000Z"
      },
      "objectRefs" : [ "5LtqOaOuHg7bAG6IXwpwok", "4iRwmYlV0tulL21OvShOUD" ],
      "contextAttributes" : [ {
        "name" : "id",
        "value" : "@1"
      } ],
      "additionalInfo" : {
        "description" : "",
        "contentType" : "JSON",
        "documentState" : "VALID"
      }
    }
  }, {
    "objectGuid" : "54vVLBwxRv7fK6ee2IpMKI",
    "objectName" : "staging_transactions",
    "objectType" : "DTEMPLATE",
    "path" : "/Explore/SalesProj/staging",
    "metadata" : {
      "modelVersion" : {
        "major" : 0,
        "minor" : 0
      },
      "repoInfo" : {
        "repoHandle" : "01002Q17000000000014"
      },
      "objectRefs" : [ "5LtqOaOuHg7bAG6IXwpwok", "4iRwmYlV0tulL21OvShOUD" ],
      "contextAttributes" : [ {
        "name" : "id",
        "value" : "@1"
      } ],
      "additionalInfo" : {
        "description" : "",
        "contentType" : "JSON",
        "documentState" : "VALID"
      }
    }
  }, {
    "objectGuid" : "8zsgnvaoHiebPfvjPeW4Oj",
    "objectName" : "staging_customer_review_complete",
    "objectType" : "DTEMPLATE",
    "path" : "/Explore/SalesProj/staging",
    "metadata" : {
      "modelVersion" : {
        "major" : 0,
        "minor" : 0
      },
      "repoInfo" : {
        "repoHandle" : "01002Q1700000000000P"
      },
      "objectRefs" : [ "5LtqOaOuHg7bAG6IXwpwok", "4iRwmYlV0tulL21OvShOUD" ],
      "contextAttributes" : [ {
        "name" : "id",
        "value" : "@1"
      } ],
      "additionalInfo" : {
        "description" : "",
        "contentType" : "JSON",
        "documentState" : "VALID"
      }
    }
  }, {
    "objectGuid" : "57YDXyjswtIiA1PSY5EMwX",
    "objectName" : "staging_interactions",
    "objectType" : "DTEMPLATE",
    "path" : "/Explore/SalesProj/staging",
    "metadata" : {
      "modelVersion" : {
        "major" : 0,
        "minor" : 0
      },
      "repoInfo" : {
        "repoHandle" : "01002Q1700000000000Q"
      },
      "objectRefs" : [ "5LtqOaOuHg7bAG6IXwpwok", "4iRwmYlV0tulL21OvShOUD" ],
      "contextAttributes" : [ {
        "name" : "id",
        "value" : "@1"
      } ],
      "additionalInfo" : {
        "description" : "",
        "contentType" : "JSON",
        "documentState" : "VALID"
      }
    }
  } ]
}